MerchantID,MerchantKey
688,688
109,109
394,394
944,944
475,475
302,302
902,902
266,266
32,32
193,193
349,349
359,359
219,219
617,617
529,529
462,462
912,912
522,522
456,456
134,134
51,51
196,196
813,813
878,878
521,521
348,348
725,725
44,44
605,605
347,347
595,595
163,163
781,781
510,510
469,469
322,322
991,991
369,369
663,663
284,284
788,788
207,207
661,661
31,31
4,4
980,980
251,251
334,334
978,978
639,639
620,620
57,57
970,970
430,430
437,437
685,685
274,274
12,12
277,277
94,94
400,400
526,526
576,576
879,879
680,680
546,546
555,555
412,412
210,210
363,363
112,112
823,823
447,447
619,619
979,979
770,770
807,807
52,52
282,282
926,926
397,397
431,431
701,701
846,846
941,941
817,817
87,87
708,708
336,336
188,188
407,407
656,656
818,818
68,68
837,837
37,37
78,78
574,574
376,376
934,934
727,727
258,258
441,441
305,305
364,364
339,339
382,382
464,464
714,714
244,244
231,231
443,443
455,455
608,608
232,232
955,955
897,897
983,983
366,366
486,486
587,587
816,816
648,648
806,806
616,616
728,728
814,814
621,621
141,141
294,294
675,675
381,381
565,565
794,794
174,174
187,187
964,964
118,118
279,279
681,681
796,796
434,434
1,1
824,824
560,560
789,789
471,471
666,666
584,584
255,255
28,28
551,551
826,826
737,737
303,303
3,3
505,505
502,502
484,484
582,582
27,27
706,706
429,429
828,828
361,361
627,627
75,75
916,916
862,862
417,417
615,615
786,786
345,345
367,367
722,722
883,883
409,409
167,167
743,743
631,631
201,201
240,240
921,921
116,116
965,965
719,719
43,43
573,573
151,151
919,919
452,452
411,411
205,205
990,990
780,780
256,256
797,797
220,220
289,289
388,388
445,445
148,148
169,169
515,515
488,488
233,233
496,496
744,744
298,298
53,53
59,59
947,947
337,337
248,248
966,966
827,827
949,949
973,973
101,101
623,623
590,590
113,113
598,598
106,106
933,933
67,67
691,691
662,662
855,855
750,750
47,47
618,618
371,371
695,695
280,280
136,136
63,63
197,197
848,848
519,519
736,736
864,864
76,76
731,731
645,645
972,972
843,843
785,785
914,914
870,870
874,874
671,671
480,480
849,849
804,804
466,466
497,497
882,882
98,98
887,887
332,332
156,156
542,542
925,925
540,540
115,115
8,8
768,768
886,886
278,278
213,213
704,704
338,338
756,756
108,108
130,130
45,45
237,237
340,340
527,527
693,693
449,449
985,985
73,73
850,850
799,799
288,288
597,597
439,439
636,636
243,243
791,791
64,64
487,487
755,755
904,904
353,353
96,96
107,107
398,398
881,881
413,413
230,230
601,601
734,734
989,989
247,247
767,767
686,686
899,899
906,906
405,405
713,713
924,924
842,842
241,241
854,854
787,787
80,80
446,446
436,436
236,236
93,93
311,311
655,655
838,838
14,14
963,963
726,726
575,575
271,271
104,104
239,239
312,312
489,489
41,41
803,803
740,740
460,460
572,572
275,275
769,769
29,29
889,889
414,414
654,654
765,765
724,724
399,399
433,433
761,761
435,435
224,224
550,550
402,402
948,948
821,821
83,83
494,494
120,120
146,146
928,928
894,894
974,974
730,730
103,103
798,798
204,204
286,286
13,13
198,198
884,884
273,273
694,694
46,46
82,82
269,269
71,71
901,901
122,122
102,102
967,967
535,535
558,558
712,712
84,84
327,327
212,212
896,896
195,195
368,368
154,154
544,544
539,539
504,504
395,395
511,511
602,602
229,229
22,22
703,703
829,829
245,245
568,568
358,358
935,935
532,532
805,805
613,613
161,161
888,888
178,178
58,58
585,585
554,554
802,802
100,100
1000,1000
668,668
705,705
183,183
962,962
65,65
18,18
592,592
92,92
684,684
427,427
869,869
378,378
657,657
85,85
845,845
658,658
299,299
514,514
956,956
629,629
811,811
132,132
343,343
820,820
673,673
715,715
581,581
147,147
2,2
415,415
733,733
403,403
125,125
401,401
342,342
525,525
876,876
790,790
491,491
25,25
448,448
764,764
534,534
885,885
5,5
331,331
999,999
588,588
851,851
559,559
633,633
99,99
81,81
549,549
350,350
324,324
586,586
642,642
667,667
396,396
643,643
461,461
206,206
839,839
352,352
356,356
438,438
313,313
913,913
689,689
453,453
773,773
253,253
940,940
79,79
333,333
503,503
626,626
387,387
692,692
939,939
943,943
191,191
149,149
164,164
903,903
139,139
548,548
408,408
159,159
609,609
927,927
872,872
492,492
665,665
650,650
209,209
509,509
524,524
809,809
317,317
758,758
166,166
702,702
651,651
318,318
690,690
660,660
242,242
646,646
124,124
778,778
172,172
26,26
507,507
547,547
304,304
281,281
481,481
285,285
723,723
875,875
157,157
89,89
859,859
833,833
385,385
986,986
11,11
782,782
593,593
578,578
344,344
208,208
7,7
24,24
652,652
800,800
958,958
374,374
783,783
890,890
561,561
748,748
777,777
416,416
929,929
835,835
707,707
847,847
300,300
891,891
362,362
88,88
907,907
458,458
329,329
292,292
969,969
261,261
795,795
50,50
162,162
784,784
316,316
263,263
611,611
911,911
440,440
48,48
265,265
500,500
328,328
625,625
720,720
171,171
257,257
234,234
160,160
420,420
776,776
111,111
186,186
771,771
922,922
822,822
930,930
556,556
465,465
634,634
984,984
421,421
379,379
905,905
880,880
222,222
932,932
669,669
700,700
200,200
863,863
250,250
138,138
10,10
945,945
866,866
801,801
127,127
457,457
406,406
459,459
531,531
6,6
892,892
709,709
218,218
9,9
126,126
283,283
442,442
632,632
238,238
121,121
181,181
426,426
516,516
467,467
335,335
537,537
450,450
871,871
858,858
474,474
38,38
649,649
672,672
953,953
221,221
482,482
664,664
314,314
33,33
580,580
97,97
687,687
422,422
110,110
215,215
499,499
404,404
428,428
150,150
267,267
17,17
893,893
165,165
810,810
721,721
226,226
513,513
873,873
775,775
918,918
214,214
176,176
190,190
831,831
158,158
61,61
287,287
520,520
763,763
293,293
938,938
570,570
319,319
35,35
982,982
717,717
135,135
389,389
320,320
812,812
55,55
173,173
567,567
607,607
365,365
260,260
738,738
330,330
326,326
749,749
155,155
354,354
960,960
133,133
757,757
968,968
853,853
995,995
754,754
383,383
729,729
373,373
917,917
977,977
296,296
659,659
341,341
868,868
357,357
779,779
425,425
189,189
351,351
774,774
177,177
604,604
152,152
508,508
16,16
346,346
908,908
295,295
603,603
996,996
644,644
377,377
310,310
988,988
766,766
15,15
478,478
472,472
951,951
184,184
579,579
745,745
610,610
959,959
536,536
772,772
545,545
815,815
42,42
825,825
950,950
898,898
997,997
228,228
301,301
677,677
34,34
594,594
683,683
571,571
202,202
562,562
144,144
538,538
217,217
264,264
128,128
946,946
479,479
841,841
923,923
517,517
168,168
614,614
192,192
954,954
931,931
393,393
468,468
543,543
391,391
372,372
182,182
635,635
762,762
987,987
62,62
630,630
975,975
852,852
444,444
70,70
676,676
483,483
877,877
290,290
36,36
315,315
501,501
647,647
718,718
993,993
895,895
375,375
865,865
860,860
591,591
735,735
323,323
91,91
981,981
90,90
268,268
392,392
145,145
476,476
223,223
114,114
424,424
746,746
454,454
291,291
477,477
910,910
23,23
355,355
836,836
696,696
674,674
533,533
131,131
751,751
530,530
194,194
753,753
380,380
203,203
56,56
495,495
432,432
225,225
569,569
942,942
493,493
419,419
819,819
60,60
216,216
360,360
19,19
998,998
199,199
759,759
653,653
612,612
937,937
498,498
235,235
840,840
711,711
606,606
463,463
682,682
792,792
992,992
321,321
732,732
600,600
678,678
153,153
832,832
793,793
742,742
566,566
909,909
74,74
741,741
123,123
386,386
557,557
563,563
95,95
752,752
564,564
423,423
262,262
140,140
957,957
39,39
54,54
512,512
583,583
105,105
541,541
129,129
117,117
211,211
390,390
185,185
325,325
308,308
506,506
971,971
137,137
175,175
589,589
936,936
679,679
170,170
624,624
490,490
976,976
307,307
384,384
961,961
994,994
40,40
641,641
528,528
66,66
834,834
272,272
180,180
900,900
638,638
20,20
30,30
552,552
697,697
915,915
577,577
920,920
640,640
485,485
739,739
473,473
21,21
699,699
867,867
553,553
518,518
599,599
77,77
143,143
370,370
246,246
72,72
861,861
670,670
622,622
119,119
716,716
760,760
49,49
844,844
249,249
270,270
254,254
830,830
227,227
142,142
637,637
418,418
252,252
628,628
470,470
856,856
698,698
747,747
710,710
86,86
451,451
808,808
259,259
276,276
857,857
306,306
952,952
410,410
596,596
69,69
523,523
179,179
297,297
309,309
